	<property name="project.file" value="${project.name}-${project.version}" />

	<property name="args" value="" />

	<property name="srcdir"    value="src" />
	<property name="bindir"    value="bin" />
	<property name="docdir"    value="doc" />
	<property name="docapidir" value="doc/api" />
	<property name="libdir"    value="lib" />
	<property name="distdir"   value="dist" />

	<target name="rebuild"   depends="-bin,build" />
	<target name="clean"     depends="-bin,-lib" />
	<target name="distclean" depends="-del-dist" />
	<target name="proper"    depends="clean,-docapi" />

	<target name="-bin"    depends="-del-bin,-new-bin" />
	<target name="-docapi" depends="-del-docapi,-new-docapi" />
	<target name="-lib"    depends="-del-lib,-new-lib" />
	<target name="-dist"   depends="-del-lib,-new-lib" />

	<target name="-new-bin"   ><mkdir  dir="${bindir}"    /></target>
	<target name="-new-docapi"><mkdir  dir="${docapidir}" /></target>
	<target name="-new-lib"   ><mkdir  dir="${libdir}"    /></target>
	<target name="-new-dist"  ><mkdir  dir="${distdir}"   /></target>

	<target name="-del-bin"   ><delete dir="${bindir}"   /></target>
	<target name="-del-docapi"><delete dir="${docapidir}"/></target>
	<target name="-del-lib"   ><delete dir="${libdir}"   /></target>
	<target name="-del-dist"  ><delete dir="${distdir}"  /></target>

	<target name="init" description="initialize new project">
		<mkdir dir="${srcdir}" />
	</target>

	<target name="build" depends="-new-bin" description="builds the project and dependencies with debugging information">
		<javac source="${language-version}" debug="on" destdir="${bindir}">
			<src path="${srcdir}" />
			<src path="${project.dep}" />

			<classpath refid="project.classpath" />
		</javac>
	</target>

	<target name="test" depends="build" description="executes the main class of the project">
		<java fork="true" classname="${project.main}">
			<classpath refid="project.classpath" />

			<arg line="${args}" />
		</java>
	</target>

	<target name="api" depends="-docapi" description="generates documentation of the project">
		<javadoc destdir="${docapidir}" package="true" author="true" overview="overview.html">
			<doctitle>${project.name}</doctitle>
			<bottom>Copyright (c) ${project.year} by ${project.author}</bottom>

			<fileset dir="${srcdir}">
				<include name="**/*.java" />
			</fileset>
		</javadoc>
	</target>

	<target name="dist" depends="dist-src,dist-doc,dist-bin,jar,checksum" />

	<target name="dist-build" depends="-lib" description="builds the project and dependencies without debugging information">
		<javac source="${language-version}" debug="off" destdir="${libdir}">
			<src path="${srcdir}" />
			<src path="${project.dep}" />

			<classpath refid="project.classpath" />
		</javac>
	</target>

	<target name="dist-src" depends="distclean,-new-dist" description="creates a tarball containing source and build system">
		<tar destfile="${distdir}/${project.file}-src.tar.gz" compression="gzip">
			<tarfileset dir="." prefix="${project.file}/" />
		</tar>
	</target>

	<target name="dist-doc" depends="-new-dist,api" description="creates a tarball containing source and build system">
		<tar destfile="${distdir}/${project.file}-doc.tar.gz" compression="gzip">
			<tarfileset dir="${docdir}" prefix="${project.file}/${docdir}/" />
		</tar>
	</target>

	<target name="dist-bin" depends="-new-dist,dist-build,dist-doc" description="creates a tarball containing source and build system">
		<tar destfile="${distdir}/${project.file}-bin.tar.gz" compression="gzip">
			<tarfileset dir="${libdir}" prefix="${project.file}/${libdir}/" />
			<tarfileset dir="." prefix="${project.file}/">
				<include name="${docdir}/**" />
			</tarfileset>
		</tar>
	</target>

	<target name="jar" depends="-new-dist,dist-build" description="builds a jar file containing the project and its dependencies as well as its documentation">
		<jar destfile="${distdir}/${project.file}.jar">
			<fileset dir="${libdir}" />

			<manifest>
				<attribute name="Built-By" value="${project.author}" />
				<attribute name="Main-Class" value="${project.main}" />
			</manifest>
		</jar>
	</target>

	<target name="checksum">
		<checksum>
			<fileset dir="${distdir}">
				<include name="*.jar" />
				<include name="*.tar.gz" />
			</fileset>
		</checksum>
	</target>

	<target name="run" depends="jar" description="executes the jar file of the project">
		<java fork="true" jar="${distdir}/${project.file}.jar">
			<arg line="${args}" />
		</java>
	</target>

